	<T3DataStructure>
  <meta>
    <langDisable>1</langDisable>
    <!--  <langChildren>1</langChildren>!-->
  </meta>
  <sheets >
    <tab_1>
      <ROOT>
        <TCEforms>
          <sheetTitle>Genaral</sheetTitle>
        </TCEforms>
        <type>array</type>
        <el>
			
			
			<settings.storageFolder>
				<TCEforms>
					<label>Storage Folder</label>
					<config>
						<type>group</type>
						<internal_type>db</internal_type>
						<allowed>pages</allowed>
						<size>5</size>
						<maxitems>20</maxitems>
						<minitems>0</minitems>
						<show_thumbs>1</show_thumbs>
					</config>
				</TCEforms>
			</settings.storageFolder>
			<settings.showUnsubscribeLink>
				<TCEforms>
				 	<label>Show Unsubscribe Link</label>
					 <config>
					 	 <type>check</type>			          
					 </config>
				</TCEforms>
			</settings.showUnsubscribeLink>						
        </el>
      </ROOT>
    </tab_1>
    <tab_2>
    	<ROOT>
    		<TCEforms>
	          <sheetTitle>Admin Tab</sheetTitle>
	        </TCEforms>
	        <type>array</type>
	        <el>
	        	<settings.sendToReceiver>
			        <TCEforms>
			         <label>Send to Admin</label>
			         <config>
			          <type>check</type>			          
			         </config>
			        </TCEforms>
			    </settings.sendToReceiver>
			    

    			<settings.receiverName>
			        <TCEforms>
			         <label>Admin Name</label>
			         <config>
			          <type>input</type>
			          <size>30</size>
			         </config>
			        </TCEforms>
			    </settings.receiverName> 

			    <settings.receiverEmail>
			        <TCEforms>
			         <label>Admin Email</label>
			         <config>
			          <type>input</type>
			          <size>30</size>
			         </config>
			        </TCEforms>
			    </settings.receiverEmail>

			    <settings.receiverSubject>
			        <TCEforms>
			         <label>Admin Subject</label>
			         <config>
			          <type>input</type>
			          <size>30</size>
			         </config>
			        </TCEforms>
			    </settings.receiverSubject>
				<settings.adminMessage>
		            <TCEforms>
		              <exclude>1</exclude>
		              <label>Message</label>
		              <config>
		                <type>text</type>
		              </config>
		          <defaultExtras>richtext[*]:rte_transform</defaultExtras>
		         </TCEforms>
		         </settings.adminMessage>

    		</el>
      	</ROOT>
    </tab_2>

    <tab_3>
    	<ROOT>
    		<TCEforms>
	          <sheetTitle>User Tab</sheetTitle>
	        </TCEforms>
	        <type>array</type>
	        <el>
    			<settings.senderName>
			        <TCEforms>
			         <label>User name</label>
			         <config>
			          <type>input</type>
			          <size>30</size>
			         </config>
			        </TCEforms>
			    </settings.senderName> 

			    <settings.senderEmail>
			        <TCEforms>
			         <label>User Email</label>
			         <config>
			          <type>input</type>
			          <size>30</size>
			         </config>
			        </TCEforms>
			    </settings.senderEmail>

			    <settings.replyToName>
			        <TCEforms>
			         <label>Reply To Name</label>
			         <config>
			          <type>input</type>
			          <size>30</size>
			         </config>
			        </TCEforms>
			    </settings.replyToName> 

			    <settings.replyToEmail>
			        <TCEforms>
			         <label>Reply to Email</label>
			         <config>
			          <type>input</type>
			          <size>30</size>
			         </config>
			        </TCEforms>
			    </settings.replyToEmail>

			    <settings.bccName>
			        <TCEforms>
			         <label>BCC Name</label>
			         <config>
			          <type>input</type>
			          <size>30</size>
			         </config>
			        </TCEforms>
			    </settings.bccName> 

			    <settings.bccEmail>
			        <TCEforms>
			         <label>BCC Email</label>
			         <config>
			          <type>input</type>
			          <size>30</size>
			         </config>
			        </TCEforms>
			    </settings.bccEmail>

			    <settings.senderSubject>
			        <TCEforms>
			         <label>User Subject</label>
			         <config>
			          <type>input</type>
			          <size>30</size>
			         </config>
			        </TCEforms>
			    </settings.senderSubject>
			    <settings.userMessage>
		            <TCEforms>
		              <exclude>1</exclude>
		              <label>Message</label>
		              <config>
		                <type>text</type>
		              </config>
		          <defaultExtras>richtext[*]:rte_transform</defaultExtras>
		         </TCEforms>
		         </settings.userMessage>

    		</el>
      	</ROOT>
    </tab_3>
    <tab_4>
    	<ROOT>
    		<TCEforms>
	          <sheetTitle>User Success email Tab</sheetTitle>
	        </TCEforms>
	        <type>array</type>
	        <el>
			    <settings.senderConfirmSubject>
			        <TCEforms>
			         <label>User success email Subject</label>
			         <config>
			          <type>input</type>
			          <size>30</size>
			         </config>
			        </TCEforms>
			    </settings.senderConfirmSubject>
			    <settings.usersuccessMessage>
		            <TCEforms>
		              <exclude>1</exclude>
		              <label>Success Message</label>
		              <config>
		                <type>text</type>
		              </config>
		          <defaultExtras>richtext[*]:rte_transform</defaultExtras>
		         </TCEforms>
		         </settings.usersuccessMessage>

    		</el>
      	</ROOT>
    </tab_4>
        <tab_5>
    	<ROOT>
    		<TCEforms>
	          <sheetTitle>User unsubscribe email Tab</sheetTitle>
	        </TCEforms>
	        <type>array</type>
	        <el>
			 
			    <settings.senderunsubscribeSubject>
			        <TCEforms>
			         <label>User unsubscribe email Subject</label>
			         <config>
			          <type>input</type>
			          <size>30</size>
			         </config>
			        </TCEforms>
			    </settings.senderunsubscribeSubject>
			    <settings.userunsubscribeMessage>
		            <TCEforms>
		              <exclude>1</exclude>
		              <label>Success Message</label>
		              <config>
		                <type>text</type>
		              </config>
		          <defaultExtras>richtext[*]:rte_transform</defaultExtras>
		         </TCEforms>
		         </settings.userunsubscribeMessage>

    		</el>
      	</ROOT>
    </tab_5>

  </sheets>
</T3DataStructure>
