
<T3DataStructure>
	<meta>
		<langDisable>1</langDisable>
	</meta>
	<sheets>
		<main>
			<ROOT>
				<TCEforms>
					<sheetTitle>Main Settings</sheetTitle>
				</TCEforms>
				<type>array</type>
				<el>

					<switchableControllerActions>
						<TCEforms>
							<label>Display Mode</label>
							<config>
								<type>select</type>
								<items>
									<numIndex index="1">
										<numIndex index="0">Login</numIndex>
										<numIndex index="1">Milkat->list;Milkat->show</numIndex>
									</numIndex>
									<numIndex index="2">
										<numIndex index="0">Dashbourd</numIndex>
										<numIndex index="1">Milkat->show</numIndex>
									</numIndex>
									
								</items>
							</config>
						</TCEforms>
					</switchableControllerActions>
						
					 <settings.storagePID>
                        <TCEforms>
                            <label>Register user Storage Folder ID</label>
                            <config>
                                <type>group</type>
                                <internal_type>db</internal_type>
                                <allowed>pages</allowed>
                                <size>2</size>
                                <autoSizeMax>30</autoSizeMax>
                                <maxitems>99</maxitems>
                                <minitems>0</minitems>
                                <show_thumbs>1</show_thumbs>
                                <default></default>
                            </config>
                        </TCEforms>
                    </settings.storagePID>
                    <settings.registrationstoragePID>
                        <TCEforms>
                            <label>Milkat storage Folder ID</label>
                            <config>
                                <type>group</type>
                                <internal_type>db</internal_type>
                                <allowed>pages</allowed>
                                <size>2</size>
                                <autoSizeMax>30</autoSizeMax>
                                <maxitems>99</maxitems>
                                <minitems>0</minitems>
                                <show_thumbs>1</show_thumbs>
                                <default></default>
                            </config>
                        </TCEforms>
                    </settings.registrationstoragePID>
				</el>
			</ROOT>
		</main>
			<Email>
			<ROOT>
				<TCEforms>
					<sheetTitle>Email Configuration</sheetTitle>
				</TCEforms>
				<type>array</type>
				<el>
					<settings.flexform.receiver.name>
						<TCEforms>
							<exclude>1</exclude>
							<label>Receivers Name</label>
							<config>
								<type>input</type>
								<eval>trim</eval>
							</config>
						</TCEforms>
					</settings.flexform.receiver.name>
					<settings.flexform.receiver.email>
						<TCEforms>
							<exclude>1</exclude>
							<label>Receivers Email</label>
							<config>
								<type>text</type>
								<cols>32</cols>
								<rows>2</rows>
							</config>
						</TCEforms>
					</settings.flexform.receiver.email>
					<settings.flexform.receiver.subject>
						<TCEforms>
							<exclude>1</exclude>
							<label>Subject for Email to Receiver</label>
							<config>
								<type>input</type>
								<eval>trim</eval>
							</config>
						</TCEforms>
					</settings.flexform.receiver.subject>
					<settings.flexform.receiver.body>
						<TCEforms>
							<exclude>1</exclude>
							<label>Subject for Email to Receiver </label>
							<config>
								<type>text</type>
								</config>
							<defaultExtras>richtext[]:rte_transform[mode=ts_css]</defaultExtras>
						</TCEforms>
					</settings.flexform.receiver.body>
				</el>
			</ROOT>
		</Email>

	</sheets>
</T3DataStructure>
