<T3DataStructure>
	<meta>
		<langDisable>1</langDisable>
	</meta>
	<sheets>
		<generalSetting>
			<ROOT>
				<TCEforms>
					<sheetTitle>Setting</sheetTitle>
				</TCEforms>
				<type>array</type>
				<el>
					<settings.pid>
						<TCEforms>
							<label>Folder</label>
							<config>
								<type>group</type>
								<internal_type>db</internal_type>
								<allowed>pages</allowed>
								<size>1</size>
								<maxitems>1</maxitems>
								<minitems>0</minitems>
								<show_thumbs>1</show_thumbs>
							</config>
						</TCEforms>
					</settings.pid>
					<f:comment>
					<settings.cate>
						<TCEforms>
							<label>Category</label>
							<config>
								<type>select</type>
								<foreign_table>tx_jsteam_domain_model_category</foreign_table>
								<foreign_table_where> AND (tx_jsteam_domain_model_category.sys_language_uid = 0 OR tx_jsteam_domain_model_category.l10n_parent = 0) ORDER BY tx_jsteam_domain_model_category.category</foreign_table_where>
								<size>5</size>
								<minitems>0</minitems>
								<maxitems>10</maxitems>
							</config>
						</TCEforms>
					</settings.cate>
					<settings.listPage>
                        <TCEforms>
                            <label>List page id</label>
                            <config>
                                <type>group</type>
                                <internal_type>db</internal_type>
                                <allowed>pages</allowed>
                                <size>1</size>
                                <autoSizeMax>30</autoSizeMax>
                                <maxitems>1</maxitems>
                                <minitems>0</minitems>
                                <show_thumbs>1</show_thumbs>
                                <default></default>
                            </config>
                        </TCEforms>
                    </settings.listPage>
                    <settings.detailPage>
                        <TCEforms>
                            <label>Detail page id</label>
                            <config>
                                <type>group</type>
                                <internal_type>db</internal_type>
                                <allowed>pages</allowed>
                                <size>1</size>
                                <autoSizeMax>30</autoSizeMax>
                                <maxitems>1</maxitems>
                                <minitems>0</minitems>
                                <show_thumbs>1</show_thumbs>
                                <default></default>
                            </config>
                        </TCEforms>
                    </settings.detailPage>
                    </f:comment>
				</el>
			</ROOT>
		</generalSetting>
	</sheets>
</T3DataStructure>