<T3DataStructure>
  <meta>
  	<langDisable>1</langDisable>
  </meta>
  <sheets>
    <generalSetting>
      <ROOT>
        <TCEforms>
          <sheetTitle>Setting</sheetTitle>
        </TCEforms>
        <type>array</type>
        <el>
          <settings.mode>
          <TCEforms>
            <label>Display Mode</label>
            <config>
              <type>select</type>
              <items>
                <numIndex index="1">
                  <numIndex index="0">Grid View</numIndex>
                  <numIndex index="1">Grid</numIndex>
                </numIndex>
                <numIndex index="2">
                  <numIndex index="0">List View</numIndex>
                  <numIndex index="1">List</numIndex>
                </numIndex>
              </items>
              <default>Grid</default>
            </config>
          </TCEforms>
          </settings.mode>
          <settings.productListPage>
              <TCEforms>
                  <label>Product List Page Id</label>
                  <config>
                      <type>group</type>
                      <internal_type>db</internal_type>
                      <allowed>pages</allowed>
                      <size>1</size>
                      <autoSizeMax>30</autoSizeMax>
                      <maxitems>1</maxitems>
                      <minitems>0</minitems>
                      <show_thumbs>1</show_thumbs>
                      <default></default>
                  </config>
              </TCEforms>
          </settings.productListPage>
          <settings.pid>
            <TCEforms>
              <label>Folder</label>
              <config>
                <type>group</type>
                <internal_type>db</internal_type>
                <allowed>pages</allowed>
                <size>1</size>
                <maxitems>1</maxitems>
                <minitems>0</minitems>
                <show_thumbs>1</show_thumbs>
              </config>
            </TCEforms>
          </settings.pid>
        </el>
      </ROOT>
    </generalSetting>
  </sheets>
</T3DataStructure>
