<T3DataStructure>
	<meta>
		<langDisable>1</langDisable>
	</meta>
	<sheets>
		<generalSetting>
			<ROOT>
				<TCEforms>
					<sheetTitle>Setting</sheetTitle>
				</TCEforms>
				<type>array</type>
				<el>
					<settings.productListPage>
						<TCEforms>
							<label>Product List Page Id</label>
							<config>
								<type>group</type>
								<internal_type>db</internal_type>
								<allowed>pages</allowed>
								<size>1</size>
								<autoSizeMax>30</autoSizeMax>
								<maxitems>1</maxitems>
								<minitems>0</minitems>
								<show_thumbs>1</show_thumbs>
								<default></default>
							</config>
						</TCEforms>
					</settings.productListPage>
					<settings.pid>
						<TCEforms>
							<label>Folder</label>
							<config>
								<type>group</type>
								<internal_type>db</internal_type>
								<allowed>pages</allowed>
								<size>1</size>
								<maxitems>1</maxitems>
								<minitems>0</minitems>
								<show_thumbs>1</show_thumbs>
							</config>
						</TCEforms>
					</settings.pid>
					<settings.RecordPerPage> 
			            <TCEforms> 
			              <exclude>1</exclude> 
			              <label>Record Per Page</label> 
			             	<config> 
			                <type>input</type> 
			       		    <eval>trim</eval> 
			              </config> 
			            </TCEforms> 
			        </settings.RecordPerPage> 
			        <settings.CheckboxHeader> 
			            <TCEforms> 
			              <exclude>1</exclude> 
			              <label>Include Pagination in Header</label> 
			             	<config> 
			                <type>check</type> 
			       		    <eval>trim</eval> 
			              </config> 
			            </TCEforms> 
			        </settings.CheckboxHeader>
			        <settings.CheckboxFooter> 
			            <TCEforms> 
			              <exclude>1</exclude> 
			              <label>Include Pagination in Footer</label> 
			             	<config> 
			                <type>check</type> 
			       		    <eval>trim</eval> 
			              </config> 
			            </TCEforms> 
			        </settings.CheckboxFooter> 

				</el>
			</ROOT>
		</generalSetting>
	</sheets>
</T3DataStructure>